Kdex,Ndex,MS,Pokémon,Type,Type2,Jdex,Hdex,Sdex,Udex,Ce/Co/Mo Kdex,Adex,Gdex
#001,#001,,Bulbasaur,Grass,Poison,,,,,,,
#002,#002,,Ivysaur,Grass,Poison,,,,,,,
#003,#003,,Venusaur,Grass,Poison,,,,,,,
#004,#004,,Charmander,Fire,Fire,,,,,,,
#005,#005,,Charmeleon,Fire,Fire,,,,,,,
#006,#006,,Charizard,Fire,Flying,,,,,,,
#007,#007,,Squirtle,Water,Water,,,,,,,
#008,#008,,Wartortle,Water,Water,,,,,,,
#009,#009,,Blastoise,Water,Water,,,,,,,
#010,#010,,Caterpie,Bug,Bug,,,,,,,
#011,#011,,Metapod,Bug,Bug,,,,,,,
#012,#012,,Butterfree,Bug,Flying,,,,,,,
#013,#013,,Weedle,Bug,Poison,,,,,,,
#014,#014,,Kakuna,Bug,Poison,,,,,,,
#015,#015,,Beedrill,Bug,Poison,,,,,,,
#016,#016,,Pidgey,Normal,Flying,,,,,,,
#017,#017,,Pidgeotto,Normal,Flying,,,,,,,
#018,#018,,Pidgeot,Normal,Flying,,,,,,,
#019,#019,,Rattata,Normal,Normal,,,,,,,
,#019,,Rattata,Dark,Normal,,,,,,,
#020,#020,,Raticate,Normal,Normal,,,,,,,
,#020,,Raticate,Dark,Normal,,,,,,,
#021,#021,,Spearow,Normal,Flying,,,,,,,
#022,#022,,Fearow,Normal,Flying,,,,,,,
#023,#023,,Ekans,Poison,Poison,,,,,,,
#024,#024,,Arbok,Poison,Poison,,,,,,,
#025,#025,,Pikachu,Electric,Electric,,,,,,,
#026,#026,,Raichu,Electric,Electric,,,,,,,
,#026,,Raichu,Electric,Psychic,,,,,,,
#027,#027,,Sandshrew,Ground,Ground,,,,,,,
,#027,,Sandshrew,Ice,Steel,,,,,,,
#028,#028,,Sandslash,Ground,Ground,,,,,,,
,#028,,Sandslash,Ice,Steel,,,,,,,
#029,#029,,Nidoran?,Poison,Poison,,,,,,,
#030,#030,,Nidorina,Poison,Poison,,,,,,,
#031,#031,,Nidoqueen,Poison,Ground,,,,,,,
#032,#032,,Nidoran?,Poison,Poison,,,,,,,
#033,#033,,Nidorino,Poison,Poison,,,,,,,
#034,#034,,Nidoking,Poison,Ground,,,,,,,
#035,#035,,Clefairy,Fairy,Fairy,,,,,,,
#036,#036,,Clefable,Fairy,Fairy,,,,,,,
#037,#037,,Vulpix,Fire,Fire,,,,,,,
,#037,,Vulpix,Ice,Ice,,,,,,,
#038,#038,,Ninetales,Fire,Fire,,,,,,,
,#038,,Ninetales,Ice,Fairy,,,,,,,
#039,#039,,Jigglypuff,Normal,Fairy,,,,,,,
#040,#040,,Wigglytuff,Normal,Fairy,,,,,,,
#041,#041,,Zubat,Poison,Flying,,,,,,,
#042,#042,,Golbat,Poison,Flying,,,,,,,
#043,#043,,Oddish,Grass,Poison,,,,,,,
#044,#044,,Gloom,Grass,Poison,,,,,,,
#045,#045,,Vileplume,Grass,Poison,,,,,,,
#046,#046,,Paras,Bug,Grass,,,,,,,
#047,#047,,Parasect,Bug,Grass,,,,,,,
#048,#048,,Venonat,Bug,Poison,,,,,,,
#049,#049,,Venomoth,Bug,Poison,,,,,,,
#050,#050,,Diglett,Ground,Ground,,,,,,,
,#050,,Diglett,Ground,Steel,,,,,,,
#051,#051,,Dugtrio,Ground,Ground,,,,,,,
,#051,,Dugtrio,Ground,Steel,,,,,,,
#052,#052,,Meowth,Normal,Normal,,,,,,,
,#052,,Meowth,Dark,Dark,,,,,,,
,#052,,Meowth,Steel,Steel,,,,,,,
#053,#053,,Persian,Normal,Normal,,,,,,,
,#053,,Persian,Dark,Dark,,,,,,,
#054,#054,,Psyduck,Water,Water,,,,,,,
#055,#055,,Golduck,Water,Water,,,,,,,
#056,#056,,Mankey,Fighting,Fighting,,,,,,,
#057,#057,,Primeape,Fighting,Fighting,,,,,,,
#058,#058,,Growlithe,Fire,Fire,,,,,,,
#059,#059,,Arcanine,Fire,Fire,,,,,,,
#060,#060,,Poliwag,Water,Water,,,,,,,
#061,#061,,Poliwhirl,Water,Water,,,,,,,
#062,#062,,Poliwrath,Water,Fighting,,,,,,,
#063,#063,,Abra,Psychic,Psychic,,,,,,,
#064,#064,,Kadabra,Psychic,Psychic,,,,,,,
#065,#065,,Alakazam,Psychic,Psychic,,,,,,,
#066,#066,,Machop,Fighting,Fighting,,,,,,,
#067,#067,,Machoke,Fighting,Fighting,,,,,,,
#068,#068,,Machamp,Fighting,Fighting,,,,,,,
#069,#069,,Bellsprout,Grass,Poison,,,,,,,
#070,#070,,Weepinbell,Grass,Poison,,,,,,,
#071,#071,,Victreebel,Grass,Poison,,,,,,,
#072,#072,,Tentacool,Water,Poison,,,,,,,
#073,#073,,Tentacruel,Water,Poison,,,,,,,
#074,#074,,Geodude,Rock,Ground,,,,,,,
,#074,,Geodude,Rock,Electric,,,,,,,
#075,#075,,Graveler,Rock,Ground,,,,,,,
,#075,,Graveler,Rock,Electric,,,,,,,
#076,#076,,Golem,Rock,Ground,,,,,,,
,#076,,Golem,Rock,Electric,,,,,,,
#077,#077,,Ponyta,Fire,Fire,,,,,,,
,#077,,Ponyta,Psychic,Psychic,,,,,,,
#078,#078,,Rapidash,Fire,Fire,,,,,,,
,#078,,Rapidash,Psychic,Fairy,,,,,,,
#079,#079,,Slowpoke,Water,Psychic,,,,,,,
,#079,,Slowpoke,Psychic,Psychic,,,,,,,
#080,#080,,Slowbro,Water,Psychic,,,,,,,
,#???,,Slowbro,???,???,,,,,,,
#081,#081,,Magnemite,Electric,Steel,,,,,,,
#082,#082,,Magneton,Electric,Steel,,,,,,,
#083,#083,,Farfetch'd,Normal,Flying,,,,,,,
,#083,,Farfetch'd,Fighting,Fighting,,,,,,,
#084,#084,,Doduo,Normal,Flying,,,,,,,
#085,#085,,Dodrio,Normal,Flying,,,,,,,
#086,#086,,Seel,Water,Water,,,,,,,
#087,#087,,Dewgong,Water,Ice,,,,,,,
#088,#088,,Grimer,Poison,Poison,,,,,,,
,#088,,Grimer,Poison,Dark,,,,,,,
#089,#089,,Muk,Poison,Poison,,,,,,,
,#089,,Muk,Poison,Dark,,,,,,,
#090,#090,,Shellder,Water,Water,,,,,,,
#091,#091,,Cloyster,Water,Ice,,,,,,,
#092,#092,,Gastly,Ghost,Poison,,,,,,,
#093,#093,,Haunter,Ghost,Poison,,,,,,,
#094,#094,,Gengar,Ghost,Poison,,,,,,,
#095,#095,,Onix,Rock,Ground,,,,,,,
#096,#096,,Drowzee,Psychic,Psychic,,,,,,,
#097,#097,,Hypno,Psychic,Psychic,,,,,,,
#098,#098,,Krabby,Water,Water,,,,,,,
#099,#099,,Kingler,Water,Water,,,,,,,
#100,#100,,Voltorb,Electric,Electric,,,,,,,
#101,#101,,Electrode,Electric,Electric,,,,,,,
#102,#102,,Exeggcute,Grass,Psychic,,,,,,,
#103,#103,,Exeggutor,Grass,Psychic,,,,,,,
,#103,,Exeggutor,Grass,Dragon,,,,,,,
#104,#104,,Cubone,Ground,Ground,,,,,,,
#105,#105,,Marowak,Ground,Ground,,,,,,,
,#105,,Marowak,Fire,Ghost,,,,,,,
#106,#106,,Hitmonlee,Fighting,Fighting,,,,,,,
#107,#107,,Hitmonchan,Fighting,Fighting,,,,,,,
#108,#108,,Lickitung,Normal,Normal,,,,,,,
#109,#109,,Koffing,Poison,Poison,,,,,,,
#110,#110,,Weezing,Poison,Poison,,,,,,,
,#110,,Weezing,Poison,Fairy,,,,,,,
#111,#111,,Rhyhorn,Ground,Rock,,,,,,,
#112,#112,,Rhydon,Ground,Rock,,,,,,,
#113,#113,,Chansey,Normal,Normal,,,,,,,
#114,#114,,Tangela,Grass,Grass,,,,,,,
#115,#115,,Kangaskhan,Normal,Normal,,,,,,,
#116,#116,,Horsea,Water,Water,,,,,,,
#117,#117,,Seadra,Water,Water,,,,,,,
#118,#118,,Goldeen,Water,Water,,,,,,,
#119,#119,,Seaking,Water,Water,,,,,,,
#120,#120,,Staryu,Water,Water,,,,,,,
#121,#121,,Starmie,Water,Psychic,,,,,,,
#122,#122,,Mr. Mime,Psychic,Fairy,,,,,,,
,#122,,Mr. Mime,Ice,Psychic,,,,,,,
#123,#123,,Scyther,Bug,Flying,,,,,,,
#124,#124,,Jynx,Ice,Psychic,,,,,,,
#125,#125,,Electabuzz,Electric,Electric,,,,,,,
#126,#126,,Magmar,Fire,Fire,,,,,,,
#127,#127,,Pinsir,Bug,Bug,,,,,,,
#128,#128,,Tauros,Normal,Normal,,,,,,,
#129,#129,,Magikarp,Water,Water,,,,,,,
#130,#130,,Gyarados,Water,Flying,,,,,,,
#131,#131,,Lapras,Water,Ice,,,,,,,
#132,#132,,Ditto,Normal,Normal,,,,,,,
#133,#133,,Eevee,Normal,Normal,,,,,,,
#134,#134,,Vaporeon,Water,Water,,,,,,,
#135,#135,,Jolteon,Electric,Electric,,,,,,,
#136,#136,,Flareon,Fire,Fire,,,,,,,
#137,#137,,Porygon,Normal,Normal,,,,,,,
#138,#138,,Omanyte,Rock,Water,,,,,,,
#139,#139,,Omastar,Rock,Water,,,,,,,
#140,#140,,Kabuto,Rock,Water,,,,,,,
#141,#141,,Kabutops,Rock,Water,,,,,,,
#142,#142,,Aerodactyl,Rock,Flying,,,,,,,
#143,#143,,Snorlax,Normal,Normal,,,,,,,
#144,#144,,Articuno,Ice,Flying,,,,,,,
#145,#145,,Zapdos,Electric,Flying,,,,,,,
#146,#146,,Moltres,Fire,Flying,,,,,,,
#147,#147,,Dratini,Dragon,Dragon,,,,,,,
#148,#148,,Dragonair,Dragon,Dragon,,,,,,,
#149,#149,,Dragonite,Dragon,Flying,,,,,,,
#150,#150,,Mewtwo,Psychic,Psychic,,,,,,,
#151,#151,,Mew,Psychic,Psychic,,,,,,,
,#152,,Chikorita,Grass,Grass,#001,,,,,,
,#153,,Bayleef,Grass,Grass,#002,,,,,,
,#154,,Meganium,Grass,Grass,#003,,,,,,
,#155,,Cyndaquil,Fire,Fire,#004,,,,,,
,#156,,Quilava,Fire,Fire,#005,,,,,,
,#157,,Typhlosion,Fire,Fire,#006,,,,,,
,#158,,Totodile,Water,Water,#007,,,,,,
,#159,,Croconaw,Water,Water,#008,,,,,,
,#160,,Feraligatr,Water,Water,#009,,,,,,
,#161,,Sentret,Normal,Normal,#019,,,,,,
,#162,,Furret,Normal,Normal,#020,,,,,,
,#163,,Hoothoot,Normal,Flying,#015,,,,,,
,#164,,Noctowl,Normal,Flying,#016,,,,,,
,#165,,Ledyba,Bug,Flying,#030,,,,,,
,#166,,Ledian,Bug,Flying,#031,,,,,,
,#167,,Spinarak,Bug,Poison,#032,,,,,,
,#168,,Ariados,Bug,Poison,#033,,,,,,
,#169,,Crobat,Poison,Flying,#039,,,,,,
,#170,,Chinchou,Water,Electric,#176,,,,,,
,#171,,Lanturn,Water,Electric,#177,,,,,,
,#172,,Pichu,Electric,Electric,#021,,,,,,
,#173,,Cleffa,Fairy,Fairy,#040,,,,,,
,#174,,Igglybuff,Normal,Fairy,#044,,,,,,
,#175,,Togepi,Fairy,Fairy,#046,,,,,,
,#176,,Togetic,Fairy,Flying,#047,,,,,,
,#177,,Natu,Psychic,Flying,#161,,,,,,
,#178,,Xatu,Psychic,Flying,#162,,,,,,
,#179,,Mareep,Electric,Electric,#053,,,,,,
,#180,,Flaaffy,Electric,Electric,#054,,,,,,
,#181,,Ampharos,Electric,Electric,#055,,,,,,
,#182,,Bellossom,Grass,Grass,#086,,,,,,
,#183,,Marill,Water,Fairy,#132,,,,,,
,#184,,Azumarill,Water,Fairy,#133,,,,,,
,#185,,Sudowoodo,Rock,Rock,#107,,,,,,
,#186,,Politoed,Water,Water,#075,,,,,,
,#187,,Hoppip,Grass,Flying,#067,,,,,,
,#188,,Skiploom,Grass,Flying,#068,,,,,,
,#189,,Jumpluff,Grass,Flying,#069,,,,,,
,#190,,Aipom,Normal,Normal,#123,,,,,,
,#191,,Sunkern,Grass,Grass,#103,,,,,,
,#192,,Sunflora,Grass,Grass,#104,,,,,,
,#193,,Yanma,Bug,Flying,#101,,,,,,
,#194,,Wooper,Water,Ground,#056,,,,,,
,#195,,Quagsire,Water,Ground,#057,,,,,,
,#196,,Espeon,Psychic,Psychic,#188,,,,,,
,#197,,Umbreon,Dark,Dark,#189,,,,,,
,#198,,Murkrow,Dark,Flying,#213,,,,,,
,#199,,Slowking,Water,Psychic,#082,,,,,,
,#???,,Slowking,???,???,,,,,,,
,#200,,Misdreavus,Ghost,Ghost,#219,,,,,,
,#201,,Unown,Psychic,Psychic,#061,,,,,,
,#202,,Wobbuffet,Psychic,Psychic,#108,,,,,,
,#203,,Girafarig,Normal,Psychic,#149,,,,,,
,#204,,Pineco,Bug,Bug,#093,,,,,,
,#205,,Forretress,Bug,Steel,#094,,,,,,
,#206,,Dunsparce,Normal,Normal,#052,,,,,,
,#207,,Gligar,Ground,Flying,#193,,,,,,
,#208,,Steelix,Steel,Ground,#063,,,,,,
,#209,,Snubbull,Fairy,Fairy,#125,,,,,,
,#210,,Granbull,Fairy,Fairy,#126,,,,,,
,#211,,Qwilfish,Water,Poison,#163,,,,,,
,#212,,Scizor,Bug,Steel,#112,,,,,,
,#213,,Shuckle,Bug,Rock,#168,,,,,,
,#214,,Heracross,Bug,Fighting,#114,,,,,,
,#215,,Sneasel,Dark,Ice,#218,,,,,,
,#216,,Teddiursa,Normal,Normal,#198,,,,,,
,#217,,Ursaring,Normal,Normal,#199,,,,,,
,#218,,Slugma,Fire,Fire,#216,,,,,,
,#219,,Magcargo,Fire,Rock,#217,,,,,,
,#220,,Swinub,Ice,Ground,#195,,,,,,
,#221,,Piloswine,Ice,Ground,#196,,,,,,
,#222,,Corsola,Water,Rock,#173,,,,,,
,#222,,Corsola,Ghost,Ghost,,,,,,,
,#223,,Remoraid,Water,Water,#174,,,,,,
,#224,,Octillery,Water,Water,#175,,,,,,
,#225,,Delibird,Ice,Flying,#194,,,,,,
,#226,,Mantine,Water,Flying,#202,,,,,,
,#227,,Skarmory,Steel,Flying,#203,,,,,,
,#228,,Houndour,Dark,Fire,#214,,,,,,
,#229,,Houndoom,Dark,Fire,#215,,,,,,
,#230,,Kingdra,Water,Dragon,#192,,,,,,
,#231,,Phanpy,Ground,Ground,#200,,,,,,
,#232,,Donphan,Ground,Ground,#201,,,,,,
,#233,,Porygon2,Normal,Normal,#221,,,,,,
,#234,,Stantler,Normal,Normal,#131,,,,,,
,#235,,Smeargle,Normal,Normal,#159,,,,,,
,#236,,Tyrogue,Fighting,Fighting,#145,,,,,,
,#237,,Hitmontop,Fighting,Fighting,#148,,,,,,
,#238,,Smoochum,Ice,Psychic,#154,,,,,,
,#239,,Elekid,Electric,Electric,#156,,,,,,
,#240,,Magby,Fire,Fire,#152,,,,,,
,#241,,Miltank,Normal,Normal,#151,,,,,,
,#242,,Blissey,Normal,Normal,#223,,,,,,
,#243,,Raikou,Electric,Electric,#243,,,,,,
,#244,,Entei,Fire,Fire,#244,,,,,,
,#245,,Suicune,Water,Water,#245,,,,,,
,#246,,Larvitar,Rock,Ground,#249,,,,,,
,#247,,Pupitar,Rock,Ground,#250,,,,,,
,#248,,Tyranitar,Rock,Dark,#251,,,,,,
,#249,,Lugia,Psychic,Flying,#252,,,,,,
,#250,,Ho-Oh,Fire,Flying,#253,,,,,,
,#251,,Celebi,Psychic,Grass,#256,,,,,,
,#252,,Treecko,Grass,Grass,,#001,,,,,
,#253,,Grovyle,Grass,Grass,,#002,,,,,
,#254,,Sceptile,Grass,Grass,,#003,,,,,
,#255,,Torchic,Fire,Fire,,#004,,,,,
,#256,,Combusken,Fire,Fighting,,#005,,,,,
,#257,,Blaziken,Fire,Fighting,,#006,,,,,
,#258,,Mudkip,Water,Water,,#007,,,,,
,#259,,Marshtomp,Water,Ground,,#008,,,,,
,#260,,Swampert,Water,Ground,,#009,,,,,
,#261,,Poochyena,Dark,Dark,,#010,,,,,
,#262,,Mightyena,Dark,Dark,,#011,,,,,
,#263,,Zigzagoon,Normal,Normal,,#012,,,,,
,#263,,Zigzagoon,Dark,Normal,,,,,,,
,#264,,Linoone,Normal,Normal,,#013,,,,,
,#264,,Linoone,Dark,Normal,,,,,,,
,#265,,Wurmple,Bug,Bug,,#014,,,,,
,#266,,Silcoon,Bug,Bug,,#015,,,,,
,#267,,Beautifly,Bug,Flying,,#016,,,,,
,#268,,Cascoon,Bug,Bug,,#017,,,,,
,#269,,Dustox,Bug,Poison,,#018,,,,,
,#270,,Lotad,Water,Grass,,#019,,,,,
,#271,,Lombre,Water,Grass,,#020,,,,,
,#272,,Ludicolo,Water,Grass,,#021,,,,,
,#273,,Seedot,Grass,Grass,,#022,,,,,
,#274,,Nuzleaf,Grass,Dark,,#023,,,,,
,#275,,Shiftry,Grass,Dark,,#024,,,,,
,#276,,Taillow,Normal,Flying,,#025,,,,,
,#277,,Swellow,Normal,Flying,,#026,,,,,
,#278,,Wingull,Water,Flying,,#027,,,,,
,#279,,Pelipper,Water,Flying,,#028,,,,,
,#280,,Ralts,Psychic,Fairy,,#029,,,,,
,#281,,Kirlia,Psychic,Fairy,,#030,,,,,
,#282,,Gardevoir,Psychic,Fairy,,#031,,,,,
,#283,,Surskit,Bug,Water,,#032,,,,,
,#284,,Masquerain,Bug,Flying,,#033,,,,,
,#285,,Shroomish,Grass,Grass,,#034,,,,,
,#286,,Breloom,Grass,Fighting,,#035,,,,,
,#287,,Slakoth,Normal,Normal,,#036,,,,,
,#288,,Vigoroth,Normal,Normal,,#037,,,,,
,#289,,Slaking,Normal,Normal,,#038,,,,,
,#290,,Nincada,Bug,Ground,,#042,,,,,
,#291,,Ninjask,Bug,Flying,,#043,,,,,
,#292,,Shedinja,Bug,Ghost,,#044,,,,,
,#293,,Whismur,Normal,Normal,,#045,,,,,
,#294,,Loudred,Normal,Normal,,#046,,,,,
,#295,,Exploud,Normal,Normal,,#047,,,,,
,#296,,Makuhita,Fighting,Fighting,,#048,,,,,
,#297,,Hariyama,Fighting,Fighting,,#049,,,,,
,#298,,Azurill,Normal,Fairy,,#054,,,,,
,#299,,Nosepass,Rock,Rock,,#060,,,,,
,#300,,Skitty,Normal,Normal,,#061,,,,,
,#301,,Delcatty,Normal,Normal,,#062,,,,,
,#302,,Sableye,Dark,Ghost,,#068,,,,,
,#303,,Mawile,Steel,Fairy,,#069,,,,,
,#304,,Aron,Steel,Rock,,#070,,,,,
,#305,,Lairon,Steel,Rock,,#071,,,,,
,#306,,Aggron,Steel,Rock,,#072,,,,,
,#307,,Meditite,Fighting,Psychic,,#076,,,,,
,#308,,Medicham,Fighting,Psychic,,#077,,,,,
,#309,,Electrike,Electric,Electric,,#078,,,,,
,#310,,Manectric,Electric,Electric,,#079,,,,,
,#311,,Plusle,Electric,Electric,,#080,,,,,
,#312,,Minun,Electric,Electric,,#081,,,,,
,#313,,Volbeat,Bug,Bug,,#086,,,,,
,#314,,Illumise,Bug,Bug,,#087,,,,,
,#315,,Roselia,Grass,Poison,,#094,,,,,
,#316,,Gulpin,Poison,Poison,,#095,,,,,
,#317,,Swalot,Poison,Poison,,#096,,,,,
,#318,,Carvanha,Water,Dark,,#097,,,,,
,#319,,Sharpedo,Water,Dark,,#098,,,,,
,#320,,Wailmer,Water,Water,,#099,,,,,
,#321,,Wailord,Water,Water,,#100,,,,,
,#322,,Numel,Fire,Ground,,#101,,,,,
,#323,,Camerupt,Fire,Ground,,#102,,,,,
,#324,,Torkoal,Fire,Fire,,#105,,,,,
,#325,,Spoink,Psychic,Psychic,,#110,,,,,
,#326,,Grumpig,Psychic,Psychic,,#111,,,,,
,#327,,Spinda,Normal,Normal,,#114,,,,,
,#328,,Trapinch,Ground,Ground,,#116,,,,,
,#329,,Vibrava,Ground,Dragon,,#117,,,,,
,#330,,Flygon,Ground,Dragon,,#118,,,,,
,#331,,Cacnea,Grass,Grass,,#119,,,,,
,#332,,Cacturne,Grass,Dark,,#120,,,,,
,#333,,Swablu,Normal,Flying,,#121,,,,,
,#334,,Altaria,Dragon,Flying,,#122,,,,,
,#335,,Zangoose,Normal,Normal,,#123,,,,,
,#336,,Seviper,Poison,Poison,,#124,,,,,
,#337,,Lunatone,Rock,Psychic,,#125,,,,,
,#338,,Solrock,Rock,Psychic,,#126,,,,,
,#339,,Barboach,Water,Ground,,#127,,,,,
,#340,,Whiscash,Water,Ground,,#128,,,,,
,#341,,Corphish,Water,Water,,#129,,,,,
,#342,,Crawdaunt,Water,Dark,,#130,,,,,
,#343,,Baltoy,Ground,Psychic,,#131,,,,,
,#344,,Claydol,Ground,Psychic,,#132,,,,,
,#345,,Lileep,Rock,Grass,,#133,,,,,
,#346,,Cradily,Rock,Grass,,#134,,,,,
,#347,,Anorith,Rock,Bug,,#135,,,,,
,#348,,Armaldo,Rock,Bug,,#136,,,,,
,#349,,Feebas,Water,Water,,#140,,,,,
,#350,,Milotic,Water,Water,,#141,,,,,
,#351,,Castform,Normal,Normal,,#142,,,,,
,#351,,Castform,Fire,Fire,,#142,,,,,
,#351,,Castform,Water,Water,,#142,,,,,
,#351,,Castform,Ice,Ice,,#142,,,,,
,#352,,Kecleon,Normal,Normal,,#145,,,,,
,#353,,Shuppet,Ghost,Ghost,,#146,,,,,
,#354,,Banette,Ghost,Ghost,,#147,,,,,
,#355,,Duskull,Ghost,Ghost,,#148,,,,,
,#356,,Dusclops,Ghost,Ghost,,#149,,,,,
,#357,,Tropius,Grass,Flying,,#150,,,,,
,#358,,Chimecho,Psychic,Psychic,,#151,,,,,
,#359,,Absol,Dark,Dark,,#152,,,,,
,#360,,Wynaut,Psychic,Psychic,,#160,,,,,
,#361,,Snorunt,Ice,Ice,,#171,,,,,
,#362,,Glalie,Ice,Ice,,#172,,,,,
,#363,,Spheal,Ice,Water,,#173,,,,,
,#364,,Sealeo,Ice,Water,,#174,,,,,
,#365,,Walrein,Ice,Water,,#175,,,,,
,#366,,Clamperl,Water,Water,,#176,,,,,
,#367,,Huntail,Water,Water,,#177,,,,,
,#368,,Gorebyss,Water,Water,,#178,,,,,
,#369,,Relicanth,Water,Rock,,#179,,,,,
,#370,,Luvdisc,Water,Water,,#183,,,,,
,#371,,Bagon,Dragon,Dragon,,#187,,,,,
,#372,,Shelgon,Dragon,Dragon,,#188,,,,,
,#373,,Salamence,Dragon,Flying,,#189,,,,,
,#374,,Beldum,Steel,Psychic,,#190,,,,,
,#375,,Metang,Steel,Psychic,,#191,,,,,
,#376,,Metagross,Steel,Psychic,,#192,,,,,
,#377,,Regirock,Rock,Rock,,#193,,,,,
,#378,,Regice,Ice,Ice,,#194,,,,,
,#379,,Registeel,Steel,Steel,,#195,,,,,
,#380,,Latias,Dragon,Psychic,,#196,,,,,
,#381,,Latios,Dragon,Psychic,,#197,,,,,
,#382,,Kyogre,Water,Water,,#198,,,,,
,#383,,Groudon,Ground,Ground,,#199,,,,,
,#384,,Rayquaza,Dragon,Flying,,#200,,,,,
,#385,,Jirachi,Steel,Psychic,,#201,,,,,
,#386,,Deoxys,Psychic,Psychic,,#202,,,,,
,#386,,Deoxys,Psychic,Psychic,,#202,,,,,
,#386,,Deoxys,Psychic,Psychic,,#202,,,,,
,#386,,Deoxys,Psychic,Psychic,,#202,,,,,
,#387,,Turtwig,Grass,Grass,,,#001,,,,
,#388,,Grotle,Grass,Grass,,,#002,,,,
,#389,,Torterra,Grass,Ground,,,#003,,,,
,#390,,Chimchar,Fire,Fire,,,#004,,,,
,#391,,Monferno,Fire,Fighting,,,#005,,,,
,#392,,Infernape,Fire,Fighting,,,#006,,,,
,#393,,Piplup,Water,Water,,,#007,,,,
,#394,,Prinplup,Water,Water,,,#008,,,,
,#395,,Empoleon,Water,Steel,,,#009,,,,
,#396,,Starly,Normal,Flying,,,#010,,,,
,#397,,Staravia,Normal,Flying,,,#011,,,,
,#398,,Staraptor,Normal,Flying,,,#012,,,,
,#399,,Bidoof,Normal,Normal,,,#013,,,,
,#400,,Bibarel,Normal,Water,,,#014,,,,
,#401,,Kricketot,Bug,Bug,,,#015,,,,
,#402,,Kricketune,Bug,Bug,,,#016,,,,
,#403,,Shinx,Electric,Electric,,,#017,,,,
,#404,,Luxio,Electric,Electric,,,#018,,,,
,#405,,Luxray,Electric,Electric,,,#019,,,,
,#406,,Budew,Grass,Poison,,,#025,,,,
,#407,,Roserade,Grass,Poison,,,#027,,,,
,#408,,Cranidos,Rock,Rock,,,#036,,,,
,#409,,Rampardos,Rock,Rock,,,#037,,,,
,#410,,Shieldon,Rock,Steel,,,#038,,,,
,#411,,Bastiodon,Rock,Steel,,,#039,,,,
,#412,,Burmy,Bug,Bug,,,#045,,,,
,#412,,Burmy,Bug,Bug,,,#045,,,,
,#412,,Burmy,Bug,Bug,,,#045,,,,
,#413,,Wormadam,Bug,Grass,,,#046,,,,
,#413,,Wormadam,Bug,Ground,,,#046,,,,
,#413,,Wormadam,Bug,Steel,,,#046,,,,
,#414,,Mothim,Bug,Flying,,,#047,,,,
,#415,,Combee,Bug,Flying,,,#053,,,,
,#416,,Vespiquen,Bug,Flying,,,#054,,,,
,#417,,Pachirisu,Electric,Electric,,,#055,,,,
,#418,,Buizel,Water,Water,,,#056,,,,
,#419,,Floatzel,Water,Water,,,#057,,,,
,#420,,Cherubi,Grass,Grass,,,#058,,,,
,#421,,Cherrim,Grass,Grass,,,#059,,,,
,#422,,Shellos,Water,Water,,,#060,,,,
,#422,,Shellos,Water,Water,,,#060,,,,
,#423,,Gastrodon,Water,Ground,,,#061,,,,
,#423,,Gastrodon,Water,Ground,,,#061,,,,
,#424,,Ambipom,Normal,Normal,,,#064,,,,
,#425,,Drifloon,Ghost,Flying,,,#065,,,,
,#426,,Drifblim,Ghost,Flying,,,#066,,,,
,#427,,Buneary,Normal,Normal,,,#067,,,,
,#428,,Lopunny,Normal,Normal,,,#068,,,,
,#429,,Mismagius,Ghost,Ghost,,,#073,,,,
,#430,,Honchkrow,Dark,Flying,,,#075,,,,
,#431,,Glameow,Normal,Normal,,,#076,,,,
,#432,,Purugly,Normal,Normal,,,#077,,,,
,#433,,Chingling,Psychic,Psychic,,,#082,,,,
,#434,,Stunky,Poison,Dark,,,#084,,,,
,#435,,Skuntank,Poison,Dark,,,#085,,,,
,#436,,Bronzor,Steel,Psychic,,,#088,,,,
,#437,,Bronzong,Steel,Psychic,,,#089,,,,
,#438,,Bonsly,Rock,Rock,,,#092,,,,
,#439,,Mime Jr.,Psychic,Fairy,,,#094,,,,
,#440,,Happiny,Normal,Normal,,,#096,,,,
,#441,,Chatot,Normal,Flying,,,#102,,,,
,#442,,Spiritomb,Ghost,Dark,,,#108,,,,
,#443,,Gible,Dragon,Ground,,,#109,,,,
,#444,,Gabite,Dragon,Ground,,,#110,,,,
,#445,,Garchomp,Dragon,Ground,,,#111,,,,
,#446,,Munchlax,Normal,Normal,,,#112,,,,
,#447,,Riolu,Fighting,Fighting,,,#115,,,,
,#448,,Lucario,Fighting,Steel,,,#116,,,,
,#449,,Hippopotas,Ground,Ground,,,#122,,,,
,#450,,Hippowdon,Ground,Ground,,,#123,,,,
,#451,,Skorupi,Poison,Bug,,,#127,,,,
,#452,,Drapion,Poison,Dark,,,#128,,,,
,#453,,Croagunk,Poison,Fighting,,,#129,,,,
,#454,,Toxicroak,Poison,Fighting,,,#130,,,,
,#455,,Carnivine,Grass,Grass,,,#131,,,,
,#456,,Finneon,Water,Water,,,#134,,,,
,#457,,Lumineon,Water,Water,,,#135,,,,
,#458,,Mantyke,Water,Flying,,,#140,,,,
,#459,,Snover,Grass,Ice,,,#142,,,,
,#460,,Abomasnow,Grass,Ice,,,#143,,,,
,#461,,Weavile,Dark,Ice,,,#145,,,,
,#462,,Magnezone,Electric,Steel,,,#180,,,,
,#463,,Lickilicky,Normal,Normal,,,#162,,,,
,#464,,Rhyperior,Ground,Rock,,,#188,,,,
,#465,,Tangrowth,Grass,Grass,,,#182,,,,
,#466,,Electivire,Electric,Electric,,,#199,,,,
,#467,,Magmortar,Fire,Fire,,,#202,,,,
,#468,,Togekiss,Fairy,Flying,,,#175,,,,
,#469,,Yanmega,Bug,Flying,,,#184,,,,
,#470,,Leafeon,Grass,Grass,,,#169,,,,
,#471,,Glaceon,Ice,Ice,,,#170,,,,
,#472,,Gliscor,Ground,Flying,,,#154,,,,
,#473,,Mamoswine,Ice,Ground,,,#205,,,,
,#474,,Porygon-Z,Normal,Normal,,,#194,,,,
,#475,,Gallade,Psychic,Fighting,,,#160,,,,
,#476,,Probopass,Rock,Steel,,,#156,,,,
,#477,,Dusknoir,Ghost,Ghost,,,#191,,,,
,#478,,Froslass,Ice,Ghost,,,#208,,,,
,#479,,Rotom,Electric,Ghost,,,#152,,,,
,#479,,Rotom,Electric,Fire,,,#152,,,,
,#479,,Rotom,Electric,Water,,,#152,,,,
,#479,,Rotom,Electric,Ice,,,#152,,,,
,#479,,Rotom,Electric,Flying,,,#152,,,,
,#479,,Rotom,Electric,Grass,,,#152,,,,
,#480,,Uxie,Psychic,Psychic,,,#146,,,,
,#481,,Mesprit,Psychic,Psychic,,,#147,,,,
,#482,,Azelf,Psychic,Psychic,,,#148,,,,
,#483,,Dialga,Steel,Dragon,,,#149,,,,
,#484,,Palkia,Water,Dragon,,,#150,,,,
,#485,,Heatran,Fire,Steel,,,,,,,
,#486,,Regigigas,Normal,Normal,,,,,,,
,#487,,Giratina,Ghost,Dragon,,,#210,,,,
,#487,,Giratina,Ghost,Dragon,,,#210,,,,
,#488,,Cresselia,Psychic,Psychic,,,,,,,
,#489,,Phione,Water,Water,,,,,,,
,#490,,Manaphy,Water,Water,,,#151,,,,
,#491,,Darkrai,Dark,Dark,,,,,,,
,#492,,Shaymin,Grass,Grass,,,,,,,
,#492,,Shaymin,Grass,Flying,,,,,,,
,#493,,Arceus,Normal,Normal,,,,,,,
,#494,,Victini,Psychic,Fire,,,,#000,,,
,#495,,Snivy,Grass,Grass,,,,#001,,,
,#496,,Servine,Grass,Grass,,,,#002,,,
,#497,,Serperior,Grass,Grass,,,,#003,,,
,#498,,Tepig,Fire,Fire,,,,#004,,,
,#499,,Pignite,Fire,Fighting,,,,#005,,,
,#500,,Emboar,Fire,Fighting,,,,#006,,,
,#501,,Oshawott,Water,Water,,,,#007,,,
,#502,,Dewott,Water,Water,,,,#008,,,
,#503,,Samurott,Water,Water,,,,#009,,,
,#504,,Patrat,Normal,Normal,,,,#010,,,
,#505,,Watchog,Normal,Normal,,,,#011,,,
,#506,,Lillipup,Normal,Normal,,,,#012,,,
,#507,,Herdier,Normal,Normal,,,,#013,,,
,#508,,Stoutland,Normal,Normal,,,,#014,,,
,#509,,Purrloin,Dark,Dark,,,,#015,,,
,#510,,Liepard,Dark,Dark,,,,#016,,,
,#511,,Pansage,Grass,Grass,,,,#017,,,
,#512,,Simisage,Grass,Grass,,,,#018,,,
,#513,,Pansear,Fire,Fire,,,,#019,,,
,#514,,Simisear,Fire,Fire,,,,#020,,,
,#515,,Panpour,Water,Water,,,,#021,,,
,#516,,Simipour,Water,Water,,,,#022,,,
,#517,,Munna,Psychic,Psychic,,,,#023,,,
,#518,,Musharna,Psychic,Psychic,,,,#024,,,
,#519,,Pidove,Normal,Flying,,,,#025,,,
,#520,,Tranquill,Normal,Flying,,,,#026,,,
,#521,,Unfezant,Normal,Flying,,,,#027,,,
,#521,,Unfezant,Normal,Flying,,,,#027,,,
,#522,,Blitzle,Electric,Electric,,,,#028,,,
,#523,,Zebstrika,Electric,Electric,,,,#029,,,
,#524,,Roggenrola,Rock,Rock,,,,#030,,,
,#525,,Boldore,Rock,Rock,,,,#031,,,
,#526,,Gigalith,Rock,Rock,,,,#032,,,
,#527,,Woobat,Psychic,Flying,,,,#033,,,
,#528,,Swoobat,Psychic,Flying,,,,#034,,,
,#529,,Drilbur,Ground,Ground,,,,#035,,,
,#530,,Excadrill,Ground,Steel,,,,#036,,,
,#531,,Audino,Normal,Normal,,,,#037,,,
,#532,,Timburr,Fighting,Fighting,,,,#038,,,
,#533,,Gurdurr,Fighting,Fighting,,,,#039,,,
,#534,,Conkeldurr,Fighting,Fighting,,,,#040,,,
,#535,,Tympole,Water,Water,,,,#041,,,
,#536,,Palpitoad,Water,Ground,,,,#042,,,
,#537,,Seismitoad,Water,Ground,,,,#043,,,
,#538,,Throh,Fighting,Fighting,,,,#044,,,
,#539,,Sawk,Fighting,Fighting,,,,#045,,,
,#540,,Sewaddle,Bug,Grass,,,,#046,,,
,#541,,Swadloon,Bug,Grass,,,,#047,,,
,#542,,Leavanny,Bug,Grass,,,,#048,,,
,#543,,Venipede,Bug,Poison,,,,#049,,,
,#544,,Whirlipede,Bug,Poison,,,,#050,,,
,#545,,Scolipede,Bug,Poison,,,,#051,,,
,#546,,Cottonee,Grass,Fairy,,,,#052,,,
,#547,,Whimsicott,Grass,Fairy,,,,#053,,,
,#548,,Petilil,Grass,Grass,,,,#054,,,
,#549,,Lilligant,Grass,Grass,,,,#055,,,
,#550,,Basculin,Water,Water,,,,#056,,,
,#550,,Basculin,Water,Water,,,,#056,,,
,#551,,Sandile,Ground,Dark,,,,#057,,,
,#552,,Krokorok,Ground,Dark,,,,#058,,,
,#553,,Krookodile,Ground,Dark,,,,#059,,,
,#554,,Darumaka,Fire,Fire,,,,#060,,,
,#554,,Darumaka,Ice,Ice,,,,,,,
,#555,,Darmanitan,Fire,Fire,,,,#061,,,
,#555,,Darmanitan,Fire,Psychic,,,,#061,,,
,#555,,Darmanitan,Ice,Ice,,,,,,,
,#555,,Darmanitan,Ice,Fire,,,,,,,
,#556,,Maractus,Grass,Grass,,,,#062,,,
,#557,,Dwebble,Bug,Rock,,,,#063,,,
,#558,,Crustle,Bug,Rock,,,,#064,,,
,#559,,Scraggy,Dark,Fighting,,,,#065,,,
,#560,,Scrafty,Dark,Fighting,,,,#066,,,
,#561,,Sigilyph,Psychic,Flying,,,,#067,,,
,#562,,Yamask,Ghost,Ghost,,,,#068,,,
,#562,,Yamask,Ground,Ghost,,,,,,,
,#563,,Cofagrigus,Ghost,Ghost,,,,#069,,,
,#564,,Tirtouga,Water,Rock,,,,#070,,,
,#565,,Carracosta,Water,Rock,,,,#071,,,
,#566,,Archen,Rock,Flying,,,,#072,,,
,#567,,Archeops,Rock,Flying,,,,#073,,,
,#568,,Trubbish,Poison,Poison,,,,#074,,,
,#569,,Garbodor,Poison,Poison,,,,#075,,,
,#570,,Zorua,Dark,Dark,,,,#076,,,
,#571,,Zoroark,Dark,Dark,,,,#077,,,
,#572,,Minccino,Normal,Normal,,,,#078,,,
,#573,,Cinccino,Normal,Normal,,,,#079,,,
,#574,,Gothita,Psychic,Psychic,,,,#080,,,
,#575,,Gothorita,Psychic,Psychic,,,,#081,,,
,#576,,Gothitelle,Psychic,Psychic,,,,#082,,,
,#577,,Solosis,Psychic,Psychic,,,,#083,,,
,#578,,Duosion,Psychic,Psychic,,,,#084,,,
,#579,,Reuniclus,Psychic,Psychic,,,,#085,,,
,#580,,Ducklett,Water,Flying,,,,#086,,,
,#581,,Swanna,Water,Flying,,,,#087,,,
,#582,,Vanillite,Ice,Ice,,,,#088,,,
,#583,,Vanillish,Ice,Ice,,,,#089,,,
,#584,,Vanilluxe,Ice,Ice,,,,#090,,,
,#585,,Deerling,Normal,Grass,,,,#091,,,
,#586,,Sawsbuck,Normal,Grass,,,,#092,,,
,#587,,Emolga,Electric,Flying,,,,#093,,,
,#588,,Karrablast,Bug,Bug,,,,#094,,,
,#589,,Escavalier,Bug,Steel,,,,#095,,,
,#590,,Foongus,Grass,Poison,,,,#096,,,
,#591,,Amoonguss,Grass,Poison,,,,#097,,,
,#592,,Frillish,Water,Ghost,,,,#098,,,
,#592,,Frillish,Water,Ghost,,,,#098,,,
,#593,,Jellicent,Water,Ghost,,,,#099,,,
,#593,,Jellicent,Water,Ghost,,,,#099,,,
,#594,,Alomomola,Water,Water,,,,#100,,,
,#595,,Joltik,Bug,Electric,,,,#101,,,
,#596,,Galvantula,Bug,Electric,,,,#102,,,
,#597,,Ferroseed,Grass,Steel,,,,#103,,,
,#598,,Ferrothorn,Grass,Steel,,,,#104,,,
,#599,,Klink,Steel,Steel,,,,#105,,,
,#600,,Klang,Steel,Steel,,,,#106,,,
,#601,,Klinklang,Steel,Steel,,,,#107,,,
,#602,,Tynamo,Electric,Electric,,,,#108,,,
,#603,,Eelektrik,Electric,Electric,,,,#109,,,
,#604,,Eelektross,Electric,Electric,,,,#110,,,
,#605,,Elgyem,Psychic,Psychic,,,,#111,,,
,#606,,Beheeyem,Psychic,Psychic,,,,#112,,,
,#607,,Litwick,Ghost,Fire,,,,#113,,,
,#608,,Lampent,Ghost,Fire,,,,#114,,,
,#609,,Chandelure,Ghost,Fire,,,,#115,,,
,#610,,Axew,Dragon,Dragon,,,,#116,,,
,#611,,Fraxure,Dragon,Dragon,,,,#117,,,
,#612,,Haxorus,Dragon,Dragon,,,,#118,,,
,#613,,Cubchoo,Ice,Ice,,,,#119,,,
,#614,,Beartic,Ice,Ice,,,,#120,,,
,#615,,Cryogonal,Ice,Ice,,,,#121,,,
,#616,,Shelmet,Bug,Bug,,,,#122,,,
,#617,,Accelgor,Bug,Bug,,,,#123,,,
,#618,,Stunfisk,Ground,Electric,,,,#124,,,
,#618,,Stunfisk,Ground,Steel,,,,,,,
,#619,,Mienfoo,Fighting,Fighting,,,,#125,,,
,#620,,Mienshao,Fighting,Fighting,,,,#126,,,
,#621,,Druddigon,Dragon,Dragon,,,,#127,,,
,#622,,Golett,Ground,Ghost,,,,#128,,,
,#623,,Golurk,Ground,Ghost,,,,#129,,,
,#624,,Pawniard,Dark,Steel,,,,#130,,,
,#625,,Bisharp,Dark,Steel,,,,#131,,,
,#626,,Bouffalant,Normal,Normal,,,,#132,,,
,#627,,Rufflet,Normal,Flying,,,,#133,,,
,#628,,Braviary,Normal,Flying,,,,#134,,,
,#629,,Vullaby,Dark,Flying,,,,#135,,,
,#630,,Mandibuzz,Dark,Flying,,,,#136,,,
,#631,,Heatmor,Fire,Fire,,,,#137,,,
,#632,,Durant,Bug,Steel,,,,#138,,,
,#633,,Deino,Dark,Dragon,,,,#139,,,
,#634,,Zweilous,Dark,Dragon,,,,#140,,,
,#635,,Hydreigon,Dark,Dragon,,,,#141,,,
,#636,,Larvesta,Bug,Fire,,,,#142,,,
,#637,,Volcarona,Bug,Fire,,,,#143,,,
,#638,,Cobalion,Steel,Fighting,,,,#144,,,
,#639,,Terrakion,Rock,Fighting,,,,#145,,,
,#640,,Virizion,Grass,Fighting,,,,#146,,,
,#641,,Tornadus,Flying,Flying,,,,#147,,,
,#642,,Thundurus,Electric,Flying,,,,#148,,,
,#643,,Reshiram,Dragon,Fire,,,,#149,,,
,#644,,Zekrom,Dragon,Electric,,,,#150,,,
,#645,,Landorus,Ground,Flying,,,,#151,,,
,#646,,Kyurem,Dragon,Ice,,,,#152,,,
,#647,,Keldeo,Water,Fighting,,,,#153,,,
,#648,,Meloetta,Normal,Psychic,,,,#154,,,
,#648,,Meloetta,Normal,Fighting,,,,#154,,,
,#649,,Genesect,Bug,Steel,,,,#155,,,
,Ndex,MS,Pokémon,Type,Type,,,,,"Ce/Co/Mo
Kdex",,
,#650,,Chespin,Grass,Grass,,,,,#001Ce,,
,#651,,Quilladin,Grass,Grass,,,,,#002Ce,,
,#652,,Chesnaught,Grass,Fighting,,,,,#003Ce,,
,#653,,Fennekin,Fire,Fire,,,,,#004Ce,,
,#654,,Braixen,Fire,Fire,,,,,#005Ce,,
,#655,,Delphox,Fire,Psychic,,,,,#006Ce,,
,#656,,Froakie,Water,Water,,,,,#007Ce,,
,#657,,Frogadier,Water,Water,,,,,#008Ce,,
,#658,,Greninja,Water,Dark,,,,,#009Ce,,
,#659,,Bunnelby,Normal,Normal,,,,,#010Ce,,
,#660,,Diggersby,Normal,Ground,,,,,#011Ce,,
,#661,,Fletchling,Normal,Flying,,,,,#014Ce,,
,#662,,Fletchinder,Fire,Flying,,,,,#015Ce,,
,#663,,Talonflame,Fire,Flying,,,,,#016Ce,,
,#664,,Scatterbug,Bug,Bug,,,,,#020Ce,,
,#665,,Spewpa,Bug,Bug,,,,,#021Ce,,
,#666,,Vivillon,Bug,Flying,,,,,#022Ce,,
,#667,,Litleo,Fire,Normal,,,,,#057Ce,,
,#668,,Pyroar,Fire,Normal,,,,,#058Ce,,
,#669,,Flabébé,Fairy,Fairy,,,,,#068Ce,,
,#670,,Floette,Fairy,Fairy,,,,,#069Ce,,
,#671,,Florges,Fairy,Fairy,,,,,#070Ce,,
,#672,,Skiddo,Grass,Grass,,,,,#089Ce,,
,#673,,Gogoat,Grass,Grass,,,,,#090Ce,,
,#674,,Pancham,Fighting,Fighting,,,,,#091Ce,,
,#675,,Pangoro,Fighting,Dark,,,,,#092Ce,,
,#676,,Furfrou,Normal,Normal,,,,,#093Ce,,
,#677,,Espurr,Psychic,Psychic,,,,,#114Ce,,
,#678,,Meowstic,Psychic,Psychic,,,,,#115Ce,,
,#679,,Honedge,Steel,Ghost,,,,,#117Ce,,
,#680,,Doublade,Steel,Ghost,,,,,#118Ce,,
,#681,,Aegislash,Steel,Ghost,,,,,#119Ce,,
,#682,,Spritzee,Fairy,Fairy,,,,,#129Ce,,
,#683,,Aromatisse,Fairy,Fairy,,,,,#130Ce,,
,#684,,Swirlix,Fairy,Fairy,,,,,#131Ce,,
,#685,,Slurpuff,Fairy,Fairy,,,,,#132Ce,,
,#686,,Inkay,Dark,Psychic,,,,,#010Co,,
,#687,,Malamar,Dark,Psychic,,,,,#011Co,,
,#688,,Binacle,Rock,Water,,,,,#021Co,,
,#689,,Barbaracle,Rock,Water,,,,,#022Co,,
,#690,,Skrelp,Poison,Water,,,,,#030Co,,
,#691,,Dragalge,Poison,Dragon,,,,,#031Co,,
,#692,,Clauncher,Water,Water,,,,,#032Co,,
,#693,,Clawitzer,Water,Water,,,,,#033Co,,
,#694,,Helioptile,Electric,Normal,,,,,#046Co,,
,#695,,Heliolisk,Electric,Normal,,,,,#047Co,,
,#696,,Tyrunt,Rock,Dragon,,,,,#064Co,,
,#697,,Tyrantrum,Rock,Dragon,,,,,#065Co,,
,#698,,Amaura,Rock,Ice,,,,,#066Co,,
,#699,,Aurorus,Rock,Ice,,,,,#067Co,,
,#700,,Sylveon,Fairy,Fairy,,,,,#085Co,,
,#701,,Hawlucha,Fighting,Flying,,,,,#089Co,,
,#702,,Dedenne,Electric,Fairy,,,,,#110Co,,
,#703,,Carbink,Rock,Fairy,,,,,#124Co,,
,#704,,Goomy,Dragon,Dragon,,,,,#019Mo,,
,#705,,Sliggoo,Dragon,Dragon,,,,,#020Mo,,
,#706,,Goodra,Dragon,Dragon,,,,,#021Mo,,
,#707,,Klefki,Steel,Fairy,,,,,#050Mo,,
,#708,,Phantump,Ghost,Grass,,,,,#061Mo,,
,#709,,Trevenant,Ghost,Grass,,,,,#062Mo,,
,#710,,Pumpkaboo,Ghost,Grass,,,,,#063Mo,,
,#711,,Gourgeist,Ghost,Grass,,,,,#064Mo,,
,#712,,Bergmite,Ice,Ice,,,,,#079Mo,,
,#713,,Avalugg,Ice,Ice,,,,,#080Mo,,
,#714,,Noibat,Flying,Dragon,,,,,#113Mo,,
,#715,,Noivern,Flying,Dragon,,,,,#114Mo,,
,#716,,Xerneas,Fairy,Fairy,,,,,#148Mo,,
,#717,,Yveltal,Dark,Flying,,,,,#149Mo,,
,#718,,Zygarde,Dragon,Ground,,,,,#150Mo,,
,#719,,Diancie,Rock,Fairy,,,,,#151Ce,,
,#720,,Hoopa,Psychic,Ghost,,,,,#152Ce,,
,#720,,Hoopa,Psychic,Dark,,,,,#152Ce,,
,#721,,Volcanion,Fire,Water,,,,,#153Ce,,
,#722,,Rowlet,Grass,Flying,,,,,,#001,
,#723,,Dartrix,Grass,Flying,,,,,,#002,
,#724,,Decidueye,Grass,Ghost,,,,,,#003,
,#725,,Litten,Fire,Fire,,,,,,#004,
,#726,,Torracat,Fire,Fire,,,,,,#005,
,#727,,Incineroar,Fire,Dark,,,,,,#006,
,#728,,Popplio,Water,Water,,,,,,#007,
,#729,,Brionne,Water,Water,,,,,,#008,
,#730,,Primarina,Water,Fairy,,,,,,#009,
,#731,,Pikipek,Normal,Flying,,,,,,#010,
,#732,,Trumbeak,Normal,Flying,,,,,,#011,
,#733,,Toucannon,Normal,Flying,,,,,,#012,
,#734,,Yungoos,Normal,Normal,,,,,,#013,
,#735,,Gumshoos,Normal,Normal,,,,,,#014,
,#736,,Grubbin,Bug,Bug,,,,,,#027,
,#737,,Charjabug,Bug,Electric,,,,,,#028,
,#738,,Vikavolt,Bug,Electric,,,,,,#029,
,#739,,Crabrawler,Fighting,Fighting,,,,,,#059,
,#740,,Crabominable,Fighting,Ice,,,,,,#060,
,#741,,Oricorio,Fire,Flying,,,,,,#082,
,#741,,Oricorio,Electric,Flying,,,,,,#082,
,#741,,Oricorio,Psychic,Flying,,,,,,#082,
,#741,,Oricorio,Ghost,Flying,,,,,,#082,
,#742,,Cutiefly,Bug,Fairy,,,,,,#083,
,#743,,Ribombee,Bug,Fairy,,,,,,#084,
,#744,,Rockruff,Rock,Rock,,,,,,#103,
,#745,,Lycanroc,Rock,Rock,,,,,,#104,
,#746,,Wishiwashi,Water,Water,,,,,,#110,
,#747,,Mareanie,Poison,Water,,,,,,#113,
,#748,,Toxapex,Poison,Water,,,,,,#114,
,#749,,Mudbray,Ground,Ground,,,,,,#132,
,#750,,Mudsdale,Ground,Ground,,,,,,#133,
,#751,,Dewpider,Water,Bug,,,,,,#141,
,#752,,Araquanid,Water,Bug,,,,,,#142,
,#753,,Fomantis,Grass,Grass,,,,,,#143,
,#754,,Lurantis,Grass,Grass,,,,,,#144,
,#755,,Morelull,Grass,Fairy,,,,,,#145,
,#756,,Shiinotic,Grass,Fairy,,,,,,#146,
,#757,,Salandit,Poison,Fire,,,,,,#161,
,#758,,Salazzle,Poison,Fire,,,,,,#162,
,#759,,Stufful,Normal,Fighting,,,,,,#169,
,#760,,Bewear,Normal,Fighting,,,,,,#170,
,#761,,Bounsweet,Grass,Grass,,,,,,#171,
,#762,,Steenee,Grass,Grass,,,,,,#172,
,#763,,Tsareena,Grass,Grass,,,,,,#173,
,#764,,Comfey,Fairy,Fairy,,,,,,#174,
,#765,,Oranguru,Normal,Psychic,,,,,,#176,
,#766,,Passimian,Fighting,Fighting,,,,,,#177,
,#767,,Wimpod,Bug,Water,,,,,,#182,
,#768,,Golisopod,Bug,Water,,,,,,#183,
,#769,,Sandygast,Ghost,Ground,,,,,,#186,
,#770,,Palossand,Ghost,Ground,,,,,,#187,
,#771,,Pyukumuku,Water,Water,,,,,,#200,
,#772,,Type: Null,Normal,Normal,,,,,,#203,
,#773,,Silvally,Normal,Normal,,,,,,#204,
,#774,,Minior,Rock,Flying,,,,,,#213,
,#775,,Komala,Normal,Normal,,,,,,#222,
,#776,,Turtonator,Fire,Dragon,,,,,,#224,
,#777,,Togedemaru,Electric,Steel,,,,,,#225,
,#778,,Mimikyu,Ghost,Fairy,,,,,,#242,
,#779,,Bruxish,Water,Psychic,,,,,,#243,
,#780,,Drampa,Normal,Dragon,,,,,,#244,
,#781,,Dhelmise,Ghost,Grass,,,,,,#263,
,#782,,Jangmo-o,Dragon,Dragon,,,,,,#271,
,#783,,Hakamo-o,Dragon,Fighting,,,,,,#272,
,#784,,Kommo-o,Dragon,Fighting,,,,,,#273,
,#785,,Tapu Koko,Electric,Fairy,,,,,,#285,
,#786,,Tapu Lele,Psychic,Fairy,,,,,,#286,
,#787,,Tapu Bulu,Grass,Fairy,,,,,,#287,
,#788,,Tapu Fini,Water,Fairy,,,,,,#288,
,#789,,Cosmog,Psychic,Psychic,,,,,,#289,
,#790,,Cosmoem,Psychic,Psychic,,,,,,#290,
,#791,,Solgaleo,Psychic,Steel,,,,,,#291,
,#792,,Lunala,Psychic,Ghost,,,,,,#292,
,#793,,Nihilego,Rock,Poison,,,,,,#293,
,#794,,Buzzwole,Bug,Fighting,,,,,,#294,
,#795,,Pheromosa,Bug,Fighting,,,,,,#295,
,#796,,Xurkitree,Electric,Electric,,,,,,#296,
,#797,,Celesteela,Steel,Flying,,,,,,#297,
,#798,,Kartana,Grass,Steel,,,,,,#298,
,#799,,Guzzlord,Dark,Dragon,,,,,,#299,
,#800,,Necrozma,Psychic,Psychic,,,,,,#300,
,#801,,Magearna,Steel,Fairy,,,,,,#301,
,#802,,Marshadow,Fighting,Ghost,,,,,,#302,
,#803,,Poipole,Poison,Poison,,,,,,#261,
,#804,,Naganadel,Poison,Dragon,,,,,,#262,
,#805,,Stakataka,Rock,Steel,,,,,,#392,
,#806,,Blacephalon,Fire,Ghost,,,,,,#393,
,#807,,Zeraora,Electric,Electric,,,,,,#403,
,#808,,Meltan,Steel,Steel,,,,,,#---,
,#809,,Melmetal,Steel,Steel,,,,,,#---,
,#810,,Grookey,Grass,Grass,,,,,,,#001
,#811,,Thwackey,Grass,Grass,,,,,,,#002
,#812,,Rillaboom,Grass,Grass,,,,,,,#003
,#813,,Scorbunny,Fire,Fire,,,,,,,#004
,#814,,Raboot,Fire,Fire,,,,,,,#005
,#815,,Cinderace,Fire,Fire,,,,,,,#006
,#816,,Sobble,Water,Water,,,,,,,#007
,#817,,Drizzile,Water,Water,,,,,,,#008
,#818,,Inteleon,Water,Water,,,,,,,#009
,#819,,Skwovet,Normal,Normal,,,,,,,#024
,#820,,Greedent,Normal,Normal,,,,,,,#025
,#821,,Rookidee,Flying,Flying,,,,,,,#021
,#822,,Corvisquire,Flying,Flying,,,,,,,#022
,#823,,Corviknight,Flying,Steel,,,,,,,#023
,#824,,Blipbug,Bug,Bug,,,,,,,#010
,#825,,Dottler,Bug,Psychic,,,,,,,#011
,#826,,Orbeetle,Bug,Psychic,,,,,,,#012
,#827,,Nickit,Dark,Dark,,,,,,,#029
,#828,,Thievul,Dark,Dark,,,,,,,#030
,#829,,Gossifleur,Grass,Grass,,,,,,,#126
,#830,,Eldegoss,Grass,Grass,,,,,,,#127
,#831,,Wooloo,Normal,Normal,,,,,,,#034
,#832,,Dubwool,Normal,Normal,,,,,,,#035
,#833,,Chewtle,Water,Water,,,,,,,#042
,#834,,Drednaw,Water,Rock,,,,,,,#043
,#835,,Yamper,Electric,Electric,,,,,,,#046
,#836,,Boltund,Electric,Electric,,,,,,,#047
,#837,,Rolycoly,Rock,Rock,,,,,,,#161
,#838,,Carkol,Rock,Fire,,,,,,,#162
,#839,,Coalossal,Rock,Fire,,,,,,,#163
,#840,,Applin,Grass,Dragon,,,,,,,#205
,#841,,Flapple,Grass,Dragon,,,,,,,#206
,#842,,Appletun,Grass,Dragon,,,,,,,#207
,#843,,Silicobra,Ground,Ground,,,,,,,#312
,#844,,Sandaconda,Ground,Ground,,,,,,,#313
,#845,,Cramorant,Flying,Water,,,,,,,#309
,#846,,Arrokuda,Water,Water,,,,,,,#180
,#847,,Barraskewda,Water,Water,,,,,,,#181
,#848,,Toxel,Electric,Poison,,,,,,,#310
,#849,,Toxtricity,Electric,Poison,,,,,,,#311
,#850,,Sizzlipede,Fire,Bug,,,,,,,#159
,#851,,Centiskorch,Fire,Bug,,,,,,,#160
,#852,,Clobbopus,Fighting,Fighting,,,,,,,#351
,#853,,Grapploct,Fighting,Fighting,,,,,,,#352
,#854,,Sinistea,Ghost,Ghost,,,,,,,#335
,#855,,Polteageist,Ghost,Ghost,,,,,,,#336
,#856,,Hatenna,Psychic,Psychic,,,,,,,#241
,#857,,Hattrem,Psychic,Psychic,,,,,,,#242
,#858,,Hatterene,Psychic,Fairy,,,,,,,#243
,#859,,Impidimp,Dark,Fairy,,,,,,,#238
,#860,,Morgrem,Dark,Fairy,,,,,,,#239
,#861,,Grimmsnarl,Dark,Fairy,,,,,,,#240
,#862,,Obstagoon,Dark,Normal,,,,,,,#033
,#863,,Perrserker,Steel,Steel,,,,,,,#183
,#864,,Cursola,Ghost,Ghost,,,,,,,#237
,#865,,Sirfetch'd,Fighting,Fighting,,,,,,,#219
,#866,,Mr. Rime,Ice,Psychic,,,,,,,#366
,#867,,Runerigus,Ground,Ghost,,,,,,,#328
,#868,,Milcery,Fairy,Fairy,,,,,,,#185
,#869,,Alcremie,Fairy,Fairy,,,,,,,#186
,#870,,Falinks,Fighting,Fighting,,,,,,,#345
,#871,,Pincurchin,Electric,Electric,,,,,,,#353
,#872,,Snom,Ice,Bug,,,,,,,#349
,#873,,Frosmoth,Ice,Bug,,,,,,,#350
,#874,,Stonjourner,Rock,Rock,,,,,,,#369
,#875,,Eiscue,Ice,Ice,,,,,,,#370
,#876,,Indeedee,Psychic,Normal,,,,,,,#337
,#877,,Morpeko,Electric,Dark,,,,,,,#344
,#878,,Cufant,Steel,Steel,,,,,,,#302
,#879,,Copperajah,Steel,Steel,,,,,,,#303
,#880,,Dracozolt,Electric,Dragon,,,,,,,#374
,#881,,Arctozolt,Electric,Ice,,,,,,,#375
,#882,,Dracovish,Water,Dragon,,,,,,,#376
,#883,,Arctovish,Water,Ice,,,,,,,#377
,#884,,Duraludon,Steel,Dragon,,,,,,,#371
,#885,,Dreepy,Dragon,Ghost,,,,,,,#395
,#886,,Drakloak,Dragon,Ghost,,,,,,,#396
,#887,,Dragapult,Dragon,Ghost,,,,,,,#397
,#888,,Zacian,Fairy,Fairy,,,,,,,#398
,#888,,Zacian,Fairy,Steel,,,,,,,#398
,#889,,Zamazenta,Fighting,Fighting,,,,,,,#399
,#889,,Zamazenta,Fighting,Steel,,,,,,,#399
,#890,,Eternatus,Poison,Dragon,,,,,,,#400
,#???,,Kubfu,Fighting,Fighting,,,,,,,#???
,#???,,Urshifu,Fighting,Dark,,,,,,,#???
,#???,,Urshifu,Fighting,Water,,,,,,,#???
,#???,,Calyrex,Psychic,Grass,,,,,,,#???
,#???,,Zarude,Dark,Grass,,,,,,,#???
